1.828319751389991,2.1427433232779918
1.5667850330456679,2.4122642432646746
3.796099864377309,4.0164750393539705
2.448544002396455,1.8728543623815732
3.2432169107323316,1.5396102301904682
1.6542355140030676,4.620257970002778
2.6324745395583844,3.856442645668006
0.5684335710432276,1.78499367479466
2.8991341088050326,2.776366492078933
1.8101046523130528,1.1378947749329071
4.41270903372607,4.174541700839896
1.6602837868319347,3.36555541753594
1.759281535828588,3.458195491399581
3.04641825236213,2.4065881362562003
2.264830236373092,3.899615910065181
2.9803206537193776,3.262950293060877
4.168567856425899,2.7617147980004106
4.29444674419022,3.6902780888079096
3.0867107913559044,3.2435562777714546
3.187762801407594,3.3531165261029496
2.5823191810619064,2.3787192096165266
1.145360699083147,3.647347735342669
2.5392098430698535,3.2180082351739947
3.3272584542098205,1.860256286879397
2.0479126025036396,3.5009179692237224
-0.13115893657180866,4.179515625741164
0.8488971201652817,4.507543626565082
2.9393750108440875,3.5798419189358306
2.9203511461483354,3.8578989290716974
2.820691042766552,1.8608966010258556
3.890449916907455,2.9618671235382106
3.067533496177223,2.9883121381315667
1.7062153056222047,0.35542423759722785
0.5851023823401058,4.24833348577801
2.8154713628340713,2.431517827090219
3.4352871056808585,3.7747962663531474
0.913475576917401,2.815879785849198
2.4520067262548375,1.8079791093372408
4.051581856166149,2.6335883595234755
1.7155583642008394,4.336484791541144
2.402352916225631,2.291521738177828
3.898612215091536,2.8556921967007733
1.9716364527854795,2.1838627520548126
2.012425819357972,2.8218258744523745
3.8107328014307353,1.9112850851041436
1.7295503149441047,1.2424573730053732
4.27018881132976,4.440245456770318
2.2288877027191774,3.551027231104576
1.1167211484515178,2.362741964553592
2.0386715596868266,4.802177655902392
2.4245687940944625,3.0471448941945436
3.155355501222818,3.548040191453471
1.6586442615669594,3.028328968357951
3.5170904851452276,2.5206145465328715
2.007004028354601,1.2276860329325925
2.1592724035287727,4.167391236773488
1.6903995442740545,2.026538256097359
3.2737315390193142,1.1986140494948418
-0.3005118292001341,3.3628859278188377
2.306884963566904,2.959185651972012
2.9369796817079106,5.159847607982135
2.236599014376291,3.915368741871453
2.8841659056527655,1.0730253672395444
1.3772219834729926,3.8302342614153053
2.666029511371353,3.739613905037334
1.1449854267964021,2.1432624211086573
2.6715470463399136,2.3127166255196707
1.8638173731462995,1.5054667668821267
2.706935756889503,2.125929215922848
3.8434962064122553,3.308777583585492
2.7807118101861628,4.1693434981412665
2.0757906846964187,3.916497514847446
3.33821475966107,2.77166853959233
3.6732292706369254,2.691096816060978
2.617621311897816,0.7340479173988763
2.050169681621772,2.5374464145503444
0.15161079893168328,3.0540010047956407
3.2816463365818196,4.322303097408782
3.1668368355793186,1.5092367660108044
2.3797813078538557,1.1827541752094466
1.7255875580546056,4.745325396634421
2.0867687172189404,4.264714663633288
1.732160717395772,1.0899584992818667
2.8835760262287784,1.587595977180301
2.7044898984726293,4.218258471384681
-0.20793947798272505,2.8926795577749145
1.7238846345976069,2.753204712279488
2.6588863481033016,3.620622499052827
1.6301803059971118,4.2132395077731495
4.0776268594438285,3.0858969741844753
3.385865530160495,2.3626551111617102
2.197467713105728,3.3933414901739667
2.001422964653087,2.4331197299043055
1.066941260740771,2.463201665058622
2.5064925347863922,2.081717624402783
2.0716780055827253,2.022726905691374
3.222283997998322,2.307235049291368
0.9602644454751943,3.1885819198165923
3.543113565315193,4.058870113386744
1.4053607904043643,0.47160684191323865
2.2731831353503757,1.9767226027358888
4.1481439052339155,3.317568566801319
3.698712847684846,4.0052810897607385
2.4931054386057196,3.5013271914795263
0.9540792884117373,2.0323722885757673
3.735789222787904,1.7603588654594868
2.1428402007472656,3.8248140512572704
3.495245433658921,2.9343299009198236
-0.010268984940827064,3.8037187548007623
2.744205415382855,2.7881259856256317
2.5257773025788133,1.882054994906833
3.1949431152263337,3.8193945128135844
2.9348732766743466,1.8498679901379176
2.6810383086754004,3.748691811274389
1.8665999827225594,4.261810193832332
0.06122794305615553,4.183610353368669
2.238771564696925,3.6376600244082797
1.8470015203476837,3.5556172990110273
2.2257314613044366,4.576706550893459
2.9610996042911455,1.8838355954570045
2.852667296736926,0.8869961872557899
1.0312401756186387,3.9581158076494036
4.849519856371307,2.596208908232976
1.926398751809935,4.175523266419405
2.8422343701268136,4.201521368865448
2.740292216254213,3.9463829526268244
2.8387983078711967,3.597034941272338
2.237551356760881,2.8688485652948836
0.3055905839957287,3.322065829475548
1.637962116859733,2.946875249277208
1.2198311264330615,2.2223634924063576
1.4287715272663082,3.027876408773265
4.091485286643822,2.0554402213204614
0.7844578539038332,3.8449930075291845
1.3579130215007207,3.0391755019469033
1.166516935941539,1.526391901615376
0.8710085887390471,3.755021011380118
3.670744070157837,2.7001777129909756
3.271837215432475,2.19321964818214
2.410281778471941,2.750174315827938
1.1557169168918588,1.4310176683006826
2.3028144057421915,2.723264817063626
1.6202055787572132,4.9225578868581135
1.583161336918912,2.132992435926
2.224086577496436,4.095440378720911
3.6645161205527317,2.276755813190888
2.9763609108133897,2.8020193272007576
3.814717557492772,2.360628577633003
0.881724105773734,1.5181994554703697
2.411209353335319,3.261530597433463
2.7415105176737358,4.6962817771646534
3.0905497353583593,1.3905352578897445
2.7704030811955733,2.6623479092783353
2.613601597255641,3.46518561221799
1.1910700991490109,3.6711117713197834
4.733855375047359,3.4743889113927584
3.7500503566011805,3.5568528144534586
0.9887258436133926,3.078536111800968
4.179419029767336,3.5648866546593023
2.3671947628132948,5.438205987825302
0.6713328709385809,2.136599223300413
2.621992820892969,2.4369417749030085
1.867357207449675,3.2696649388316983
2.53709429658653,3.7708647822871573
3.4871462391353996,2.471765559864604
3.2146717810254684,3.912565614254957
2.388975381933457,2.470056134140168
4.030346335246661,4.43835439103599
1.7632894844752438,3.5873634146808993
2.8594972346048815,3.3013525021296175
3.2734789566102522,3.3786440833831484
4.094205556440181,2.5359329601883966
4.568655652251881,4.3417895643484545
2.1204063201738315,2.169893721738462
3.1626755590760793,3.463024774517986
2.7696846188820805,3.129764562021375
3.736640411943444,3.809411411812756
1.4122691912758067,2.6284526006307853
2.220978469764273,1.6076349656443258
3.626777818051658,4.350129060752083
1.464593277672399,3.485036368251322
2.7061402569067083,3.4477975515976733
2.143990664006744,2.4507653444712973
3.37086431139697,3.8803999374796305
2.760293876507193,2.8951623607745267
3.4476965634342944,5.661701458948746
3.472686803164616,4.0962473251093705
4.149273885732088,3.4889682013397194
1.5303583478548806,2.2607386186762395
2.405828904171155,2.1980305174107677
4.07300071960575,1.5781208211457427
1.1279791646513548,2.028524706218323
1.586492098042492,0.5342545274922923
2.759761070547715,2.69436999490554
1.7866316143579724,2.568723405332396
2.600139260849796,4.431041147731865
2.801271407779267,3.323926890501172
1.5600697747767822,3.5490879848129495
1.4449413246179117,2.787231307470929
2.903478588817928,1.5597080315986767
-2.4208585009401697,4.113363098708474
-3.6452551049952593,2.192202799813212
-3.941258352874118,4.336894868309029
-1.8583818840156399,2.056098692173964
-1.9074161406463306,0.23456094569186536
-2.672422973403683,2.647095722540097
-2.447530988251246,1.4701351876560453
-2.6399618271448326,4.0826527151272884
-2.3610711171350776,1.8625708124499198
-2.937881108446947,2.253136124601682
-2.8941010103627347,3.9231040086731177
-2.026426115644094,5.7770484038377425
-5.05342171590893,4.152301086465858
-2.8542631030263372,3.811499895038411
-3.4055021023339482,2.419921696893594
-1.9068931770221222,2.049104536172363
-4.1205418487099,2.3517967192716496
-2.136405616219398,3.8939375101531715
-2.2078220513231988,3.242568825548139
-2.763660662976359,3.6238905343609473
-1.9064343238848411,6.679502698884327
-3.4544428852155464,2.4108327171699764
-2.61985029200024,3.367816587340682
-1.9232054475860372,1.1874251988723545
-3.235153525285744,2.775314457694516
-1.8104690578435365,3.030457504862433
-1.5964187056378627,1.4402557616379825
-3.3614995592589345,3.721357092140548
-2.5919802290169156,2.129210101391291
-3.2938644596684403,2.0035144689186675
-4.141293314554877,1.2179987582881586
-2.4225938101142583,3.9351076762895003
-2.2342747060200137,1.0927598204974984
-2.65450282344231,3.1901674047003414
-1.7484651515275846,5.229257366978921
-0.8920989483198143,3.1073899695223006
-1.812681176684844,2.9977750111638644
-3.2693406773834432,3.3960401675135192
-2.56238061740162,3.3290634930078244
-2.104371451988012,1.5480776399113663
-1.0085943788691667,2.267242586736849
-3.1989789085382028,2.116085535689705
-2.6255616474663546,2.4487135898625487
-3.182341751295855,4.609127943016704
-2.5067674211954096,2.710316810656357
-3.673571411252006,3.5058728456783803
-3.4449520433910523,2.9552286780603474
-4.760071991390068,3.7726649956874274
-1.9881981025360105,3.6551620832333125
-0.750344189065687,4.885676242900784
-2.4270456462109853,4.138109440158163
-2.899654567979613,3.071045218160291
-1.2780698254611287,3.787960130402819
-3.31535767683446,3.827567053343427
-1.0965527129367916,4.774168183460337
-1.5779701598888844,1.8438433066803652
-3.597571897589349,2.060196855261336
-2.0539544557174287,3.6613122200811246
-2.7748536609853285,3.8668693309738456
-2.4650989087789803,4.194378835559318
-1.2222139362728837,3.8044170824439068
-2.997615413451454,1.7596930643680224
-2.1669970096254465,1.367014281278509
-3.479987255863437,2.2703899303102504
-2.5724136046170574,2.5552650760256244
-2.1346950584369537,3.220134718800342
-2.5229544229170484,3.7772506005913984
-4.085328783163716,0.7973547298034842
-2.084157467541916,3.1625358105269012
-2.3362589236726357,3.5575213970456243
-1.3948007791620012,3.127106288859224
-3.0889856896526235,3.9949273202061075
-0.9088718829765445,3.7861510211457263
-2.8253400343824846,0.7479664505889803
-2.16487380563174,3.520581836598308
-2.6933328182015392,3.328710847897236
-4.325862389178653,1.6844413656348407
-1.5009666970314117,3.890095536463651
-1.225757751082265,2.1071970786134324
-3.0792193153889302,3.1519194318531003
-2.6203098967084415,0.7233456302007792
-0.9029661631701686,2.3142749370817697
-1.6501718464123605,2.629415995865053
-1.2042389244989629,3.6869166924499086
-2.5333368461288797,2.0744877397680126
-3.420265836643304,2.4215960314719314
-2.647917130809918,2.884966537589529
-3.1752574458791583,1.6288535129169242
-2.690530966974676,4.913434195060431
-3.8062063084597098,3.0882871489922903
-1.3435032475739588,3.475849730774791
-2.091940527352214,3.5930547584393064
-2.4615923806963544,4.317944358013157
-5.902255478666982,2.8294395785505757
-3.525713873900912,3.769278409767804
-3.1076074445644744,3.296442030851722
-2.454510554743923,3.1122094750035507
-1.517832435713299,3.512539636869091
-3.3790568631295823,2.6509309481375802
-4.572266140547706,2.854889321973797
-1.3532642247487519,2.426953448317607
-2.3875075356499362,2.305282057455618
-0.08380679347814946,2.7065073581418453
-3.280630294533927,3.6226428223981015
-1.614296853872263,5.566166626895531
-0.9022486325942105,5.572626642636954
-2.423098418702181,2.675070181499567
-1.788528840633857,3.8383648622654283
-2.286317931516461,3.828551259385059
-2.2028785033885545,1.4930625827147526
-1.1441905492212645,2.346419862766613
-4.261177246994798,4.315575154087821
-2.808823236347769,5.2389442860674365
-1.3445425075955741,2.1418382987751183
-3.2447581440899085,1.8922851152928513
-2.2091447568782963,3.616979611917884
-2.3294780011772445,2.1115375323667713
-2.920266286489542,2.6553763291800476
-4.438859266482696,2.803456419042701
-1.3320404052190349,2.700999761729099
-3.6870907248803784,2.6163132472476835
-2.223336490399577,1.6433468170690448
-0.16576762892625885,1.8484599759864913
-3.1922322422757903,2.9132124470795735
-1.813557055431275,2.6797411419741346
-3.369289759693789,3.169957569107469
-0.7251309497304472,1.959028914506137
-2.0989027378230976,3.744826822048453
-3.350661372553935,2.4453771653203558
-2.3812018079520048,2.466025097222296
-2.4252626390327494,4.352518174357221
-1.913630749087617,3.637517132178571
-2.2505024573658168,2.4312595578615936
-3.3598479574179176,4.62777663048997
-3.9743205750237873,3.9579592197152564
-3.6725107840795355,2.726018520161193
-3.9309716270890607,2.245922215507919
-1.5301415506211997,2.904358450742331
-2.464021809728257,2.006359067936998
-1.8248250632294467,2.3050384933179213
-1.2374709806948103,2.1845201960478633
-3.6676710531303156,2.9364895641899955
-1.8449291747269334,4.8795609944502285
-2.1700532912772443,3.0854449632275145
-4.136141572393983,4.1437579314490405
-2.1604407711457103,3.2548083497702436
-2.756281893933901,5.06824904967932
-1.3258294279420566,0.9691573872887238
-3.1311695104711337,3.6714398906816195
-0.00488502637714161,3.2790218788120353
-2.32541873444213,3.567421800835274
-2.804565247735685,3.166892011461645
-2.4748165448415542,4.408570802262116
-2.5839884480577098,1.297187420276102
-2.9885086158043097,2.6508717008620826
-3.18256293511826,5.338885119760061
-1.422848464834554,1.6384766889675755
-1.7089924700079528,1.3494489834592296
-0.1711194957333495,3.4479383931462557
-3.2502832716453636,0.9375381814582999
-2.4485699827962235,2.4684137847589773
-1.5164731781431058,3.0564643277298162
-1.5644414140026626,4.176589393901983
-2.8754763762237046,3.2937345261542483
-1.7562168464663026,1.073719537571256
-4.211437729095137,2.8367791442597143
-2.4565169166635594,2.507601569803039
-2.9760698489024193,2.551270842747775
-1.6401100026421893,2.406644301211524
-1.3549724127822578,2.9331346935381166
-2.3936232277902025,0.7898108265359807
-2.104519708304189,2.2032711423136515
-2.3108321516682078,3.0343326615552733
-1.4919887474387648,3.668321575446844
-3.1566973475752533,2.9042636122531422
-1.2250556258724186,2.4981005956105076
-3.2500348851474206,3.2969508675744126
-1.982895224881214,3.209321861150031
-2.360854768192334,2.317506210755041
-3.953802909043437,3.885861175898177
-1.4922401656985311,3.7662432686081813
-2.6550857277850786,2.62978065819419
-1.0595873952316122,1.4711501590956038
-1.1062765100088967,2.214630128358829
-1.8812847442124379,3.4649912048066303
-1.7793420816125496,3.420550459394
-1.1735008561118607,2.0129444842829782
-1.6472589104437771,2.4564178074720644
-2.5053632739840763,3.7577265637302144
-2.4576018548399476,2.592762574555683
-1.9554149234160962,4.4103606637059345
-3.9124974273432014,2.1327128864492613
-2.660560860250797,3.435069709183079
-3.2767978415998433,2.976515059658637
-4.076045169045327,4.141225528902709
-3.615761222585474,4.208050253029006
-1.4121792805868572,3.1364361148670445
-1.9229977917467145,3.4254288912070763
-2.1447072169841523,2.297114349637674
-2.588962952337671,3.7701963250147026
0.3388134105663761,0.003616923598239896
0.3147501236837461,1.4921762151950764
-0.4380424150587092,-1.9918745268227611
0.01859618551013846,0.08192852183771823
0.061944322863232926,1.3653668320936652
1.0292857200915333,-1.0011849254131384
-1.9172647541293308,0.6434562358321491
0.22377421381574975,0.029661753459998386
-0.09250551354546255,-1.9857964640969987
-1.2832309303841491,2.258669238472711
0.6679484731695848,0.7427030967278394
0.7131152930367356,0.1546488024707363
-0.6002480582031379,-1.6558276142428456
0.3402134507686404,-0.5226561788963737
0.74072562699793,-1.4771940574461218
-1.2219712972059185,-1.6454977558133566
-0.7609539169232441,0.870977153702547
-0.21488360785659166,-1.273931788879153
-0.4160155895139005,0.5088961465403766
-0.7223074694673854,0.49838624927753594
-0.4615233747896407,-0.8030683855504915
0.8061493031110247,-1.3689827701883128
0.5292153010519887,0.6531866007498885
0.29800776155094155,1.4855108733599416
0.8246174452434104,-0.1938682084507179
-1.4199808637302573,0.04934030261093525
-0.518764164789285,0.6180994857221075
1.441039328243293,-1.0327553667412745
-1.4556079714084207,2.266879335215902
-0.34010161816813855,1.5666215598999558
0.03981782541266199,1.0614257043274822
-0.17302664166591442,0.2698597861446234
-0.6154885114280388,0.5804284236329358
-1.0904157018084717,0.6833841726796985
0.682607062686538,1.3479600718534717
-0.19812256117356014,0.037584383930011345
1.2290386393067396,1.316145847197372
-0.8585272559774905,-0.4774213743588449
-0.08552310095804794,2.2589627412631224
-0.0718503727625378,-0.5861546211391165
0.6256659687652408,0.13458420213014202
-0.8799388310898242,-1.590771039380862
-0.6317587384147666,-0.06721863623168758
0.32094311758916094,-0.48767236312345297
0.05905132183092865,1.637637619094699
0.3208474050134956,0.8668550054510316
1.2942523154907806,0.5311184015893322
0.5994293708687858,-0.5511095419308636
1.1659622023237377,-0.0937774301340038
0.631078309980592,0.6017936204510012
1.4025039116289635,-0.7878893788957387
-1.5858717223265222,-1.4339529077978466
-0.5220491905328903,1.2608703174416456
-0.2405202196254511,-0.5580989196476464
-0.6081181925967861,0.06608845138198755
1.7268655437512122,0.5024837823069379
-1.152089398489455,0.052322235862627464
-0.10030730274685018,1.4646121322213883
-0.6017934802176039,0.05426725407487051
0.36282504297369134,-0.3858673738918143
-1.0576324552123402,0.8850905148529511
-0.001906755134008141,-0.039841351668340366
0.14318287196284352,0.06276325989396635
0.021005522920974767,-0.5287429369189318
-0.037567657329802884,0.8324756566101092
0.5090455214827809,-0.6781486182996215
-0.0500822656812443,1.6703854868924877
0.33886820395612943,-0.27374105543880306
-0.8107032106434245,-2.288274007970365
0.9565958352019445,0.14720686199385702
-0.44720147195404164,0.3155170427353695
-0.4094236809246993,1.254646366506507
0.6940847188738516,1.3018662306103825
0.9506025394789964,-0.35516727181989927
0.2531763004647508,0.3333322451649501
-1.5349004101380777,0.30722073415188156
-0.5931114982454818,0.5419565912820394
0.31960037014035253,0.9217772973269607
0.5769804459526173,-1.734308175652433
0.1849584994195117,-2.584778467438518
-1.6353294697481788,-0.25333928713992515
0.14075920958049085,-0.25950935112390616
-0.09034556973808094,1.4072414582605934
0.45028051707697064,-0.5868070998410596
0.2960003733169872,0.5487088801560485
-0.9992526705196196,-0.8682502403235144
-1.8251220738861076,-0.225192052910004
-0.6590845821892282,-1.3887403030786385
-0.02997649901567334,2.0225275567495937
-1.616930511661692,-1.294823298031047
-1.2460425297529076,-0.2424063736142517
-0.14033518914636028,1.3049680488575723
-1.1407337470680603,-0.628992133261074
0.9914499385117426,-0.4041861910590738
0.060523110602777375,-1.3176087384537316
-0.2841369489007924,-0.029168821278643495
1.3263623545502143,0.69425663384713
-0.5052488088014474,-0.3301224752084909
-0.1373410857671635,-0.20830258795003703
-1.3397514266780073,0.31884360485694474
-0.21086978667912892,-1.5386241960861013
0.32283055076864997,0.6445406124873959
1.362197287306846,-0.39573298173219457
1.0345804910627052,-2.034658176827177
-0.6410401055821494,0.07560073282499624
-2.455213825690868,0.09986605111717828
-0.6515509192604964,-0.383092063078777
1.697192319669737,-2.0991315652108535
0.23393183565564724,-1.5304095860505635
0.4386501995968856,1.2330172043904506
-0.2171439339624739,-0.4850573252396863
-0.8410020122121771,-1.1445049600778905
1.0245748484901567,-0.22451887384356256
0.5108877399566732,0.05591945474236598
1.2013540845901205,-0.8446481735152584
0.16286400969701686,0.9900871496894461
2.4790929498933076,-0.8722014849354066
0.3042230478636564,2.0677336985636066
0.015258079836502875,-0.4814875541249108
1.4965213030771696,0.2696946690979432
1.153737326213208,1.1229120831639048
-0.5300782040765324,-1.2100988016441887
-1.6918351875594944,-0.0956244613119932
-0.9107752832183317,1.0776128725940917
-0.26559558859868293,0.8013306255552258
-0.31065490995640765,0.5926391616438552
-0.7102732362184466,0.2675847305802189
1.7470537437058673,0.3703144773701853
-0.6776304324058138,-0.5645030693721957
-0.8646610083367567,-0.21293932522378212
-0.6083220696771978,0.6006459349622116
0.13912219881249555,0.7966410437112035
-0.05234551558730738,-0.9040263262325132
-0.0943731608078153,-0.6138755905104786
0.7818841569991752,-0.3201980321443731
-0.09132297032450024,0.027377722329564078
-0.845615285507208,0.8643983409544742
1.1125787270001584,-0.07619526676413363
-0.006847844092775557,-0.5303907865128883
1.7025143787748611,-0.7502787466497033
0.3906338349985353,0.46680780577036296
0.9355564329172121,0.652799145254417
0.22000391425666121,0.16375012373544856
-0.7788874432655203,-0.640308373669547
0.28197376337634483,-1.4077739192554162
-1.868906151374384,0.6181966837654572
-0.08950716607410636,-1.3084853201090771
0.3096703437597961,0.7702030191182081
-0.2543832774068251,0.6383967497805397
-0.3572802800046694,-0.25412362861018895
-0.3513848307776022,1.8287626656922795
0.6690234538315807,-2.0325508089747264
-0.32931741978420637,-1.99400735694097
-0.36107641704601967,-1.296524872184982
-0.5870086266241266,-0.91445119416722
-1.4318854922620485,-0.17378016033474253
0.04105746513281905,1.6355133959329835
1.3372731826133413,0.03799244981613226
0.4129554061804621,1.7901219828287356
0.05370584196526229,1.9109204288844661
1.2219038004022649,1.1511582268454394
-0.834056281247535,0.2986316708356541
-0.23972352833591684,0.4338190534801388
1.0716147644119003,0.532799957328738
-0.008328198786600405,1.2009668094416837
0.18576588935282803,0.6061282336489775
-0.6275439089292956,2.6829800485159936
0.07361567729107404,0.8764510489894132
0.5907897418695844,0.2978918539345744
1.3027949958317038,-1.2569833296651638
0.027605057483893747,-1.3342989733484982
0.6932348446990559,-0.3951876462901232
1.257986501414016,-1.3868131009092224
2.832643429472639,-2.366361534931671
0.3346394256607401,-1.5239141734965502
-2.399400519135133,1.3709760697037847
1.6862495348020183,-1.395703480296014
-0.31118906350281295,-0.03769101640354369
-0.1615416197011523,-0.5173529981315216
-0.49274917506357885,-2.3679603820591404
-0.3306396569129773,1.4244508536184965
-0.6108808923360206,-0.2584771428017199
0.7868483142630942,0.07036111992523125
-0.6675816111074098,-0.5905560486483399
-0.05153861102635729,0.48678135237799036
-0.26956584665102423,0.6353795885471905
1.5007877356277597,-0.28550629970348296
-0.4646850022295823,-0.5566055895228971
0.8856950316448603,-1.1671170651537353
0.392449415852562,0.7617477983120269
-0.9130301681312268,-0.5223735375504572
1.2928549125979232,-0.2180097932717452
-1.0049421197326474,0.15419096650662512
-0.576469430226145,0.6936000623553877
-0.8885281516362644,-0.07030788324649895
0.339135804376633,-0.32213271820142675
-1.8126913553222637,-1.464041788298387
1.7294595406105862,0.8134687886338535
1.5283995963663337,-0.9229442682467717
2.3612687813559465,0.711490760816243
-4.505473784941179,-9.493838328890993
-12.910030418285576,-1.301950960543127
-5.4791188113118405,8.555044782733038
4.8087965002527255,9.390710517835831
9.730268095318554,0.6832080190748253
-3.359067015200644,3.1224845764237994
7.350900088244868,13.22407703328789
6.426946643973792,8.540620528264022
-2.427119301372156,7.434227952024649
-1.276833816331689,-2.800050312133278
3.208417771424393,2.201695543216163
-5.451521902865364,-2.153394363405666
0.6727059964519757,21.190447527897206
-9.705044159017516,6.863144247880051
1.8966651238762038,3.703219862124662
1.951079477584316,-6.359407866928903
-0.05036929988727801,7.265813576262627
1.740489290698755,13.841891922894707
9.91656503912544,-1.3566407475485551
4.350949314790745,-3.1229397954931333
-4.013686419631343,-5.01325112817682
0.2644442089749748,6.890077478449468
1.0753048631733364,4.156044436410431
-4.860853674209517,3.4163721981872555
-3.1646584071399406,-2.1223965592798564
-2.6573638648055704,10.726842981827042
14.136578231064725,-5.964196823463444
-6.369275046057689,5.528307778252072
0.8961976230187051,-0.3172301657497374
1.4050945188013935,-7.793765334070114
-0.6916632399932625,-2.5035136040527224
-3.7947274398930815,3.4728825786053994
6.667693266732534,-0.09039863610506504
-6.247563757892846,-2.1009907900731815
-0.44564809254306414,-16.36693263887368
3.018030332827652,1.63834190878494
2.5294695578827437,-8.380117561925783
3.5105058298135856,-6.50500427530233
-0.5524366722036405,3.681601550221485
1.5238903116513196,-2.582645382993811
-3.220597749909972,-6.655345954654699
8.776464122202592,8.068314716149224
0.6085558577835337,-1.6102724655524154
-2.339971797675911,8.847680548791661
-5.511819844409408,-10.575221386951803
-0.7258165359064598,4.507460815074215
3.424212332554239,-1.9710410787994586
-7.881684040082602,5.657753750741799
0.37510557096359665,-1.7168758384583414
-7.146382788765717,-3.5631325840674917
-1.8690331480679099,9.57415166654884
9.065161947921688,-3.3345703346966973
0.8663462461435705,15.357619408349114
15.173995294744007,2.8041687682656935
-11.72774503917583,6.918759968256136
8.422483701063483,1.3387402690394214
20.76284540424355,26.29591545806514
-0.08282489084448796,-7.081460557417987
3.8355990173900016,12.058562275737184
6.027561223886335,15.914870009302252
10.025199585465757,-7.401316436789237
-2.684448435993794,-0.0027703179875717687
3.41544947595355,-4.612076653836849
0.09208639203103264,9.305612189557285
1.3060294557883965,8.629403496712069
-0.8386063561300063,0.5026293343926755
4.910765906635021,-6.608972130351164
9.465565439887364,13.239951029235469
17.018531261566903,-10.248921117365649
11.344541113827336,10.54297296402017
8.110026265057648,-1.9760313195344659
-5.726266993613497,3.1245187680253212
-17.09526044523424,16.69902246592894
-2.7453664446066233,-2.9263923651396793
1.969433068699036,5.865191919053455
-9.46801449256707,3.116369069052334
-7.527293565657478,6.164713861646247
-6.187933227164489,-17.593898451113702
1.8325627277442647,9.949303955555134
-20.846397776460883,2.1702168534890287
-19.00009054850629,7.793600795020845
4.163233408429953,9.519896633071056
-2.4418990850777913,-3.470169389055064
-4.352859946001117,1.478797000547569
5.371374856214522,5.99303297923888
-6.988499931687212,-2.2405928962301616
-11.779428739963162,-8.87007347637993
4.139708850896501,5.943974458884082
-8.169783941693272,-8.60225541066125
-14.501332207366886,-3.426610767341524
1.3125731173875899,9.20534364793561
3.1021944845400267,-0.7962424812315758
7.084590260867226,-7.857554741339939
-9.24338381686469,2.1653192259509857
7.513136860262275,7.162686200226278
-6.505493560962707,-4.455146318305827
-1.7990869021112919,2.467211119142086
-3.6718707285829613,1.1187096796560647
0.013793660596865986,1.1951599189698434
-14.142662585750127,-3.4899248809202916
-1.0118480109212125,9.76667403829892
-16.261251648958158,19.99372668249164
3.019972659942749,0.38223674459936174
5.038148840116825,2.810218321274502
-5.134659451744858,-9.266518724856812
1.9839048541057096,-12.546430017060835
-8.15024380438352,11.964767543317906
9.886091294206125,-1.979154094348254
6.916598543517337,-6.882199242142477
-12.728299238732959,-2.0235806395591105
0.9288201818906305,12.406809193641918
1.5407507842667705,3.6029244029144096
-11.647084631185487,-9.7950842763796
-13.321347186588229,-4.879007355255796
6.95131567668016,-2.2550499836055504
-5.505014055986088,12.441045104999446
-19.802637828617463,7.379361990892002
-12.04741630551849,-10.39409405394769
5.641461452805897,12.739128011054753
18.31331344131954,15.450009545368188
-1.6475901459967428,16.379470527895663
8.51861899178042,-2.963543639657024
-2.737755589288448,15.856843915339951
-8.656004008579913,-6.218285832036683
1.564028908969914,0.6058654992379084
-4.886109394274837,8.71662557849126
3.3119881465705214,-1.153730321743808
-1.4314659925048365,1.641323920437325
12.622750450252047,3.885013646355808
3.550545628447521,-1.823769378409863
2.3419557900567076,-11.650918842068902
1.293984639369279,4.751570500325943
7.108682122437846,-4.54549153055342
9.958132125471717,11.252456173501376
-8.111921450525433,-1.3256032205285253
-3.783148908856871,4.095134898927579
7.874114273247729,4.7221629417579845
5.354790670176194,-1.2453835132392381
5.865004539390796,7.953429726622485
0.1581328134196358,7.283442612000231
-16.471934549533128,5.702381509230908
2.032031931706511,6.805865867781057
1.249648246170241,0.05700143470460106
-0.9981985276725247,1.532129682492511
3.6827437224242425,0.3032142605381605
9.40485210590477,-1.05149595761391
-0.7468607103158691,14.971653986427505
-7.1428630393946095,-4.236629656167877
-6.360738754940716,-3.979863339299227
-6.067578506945275,11.862339652372764
2.4710282207650245,-0.6122150677691822
9.746217681484646,-0.6007505152586634
5.26002310460801,13.244859030321095
5.348182375923581,9.470231970240498
2.240682883780718,8.263674788494948
-6.565573685994247,3.4587548883752355
-2.818267898882498,-9.504393626114656
-10.405363251207971,4.01499704491087
-6.84381641345295,12.298777507275226
1.7257420403320998,-6.1417757115230085
7.812349484892696,7.9471002796208605
-3.9612653610056503,7.834094691120304
-6.715685088203113,10.717179246310527
-4.084558838594204,-3.656253847038908
0.5794745857359243,4.631967734571713
4.978014983480411,1.366404054609308
15.2601651509912,-2.4715136213941866
-0.6458375348363754,6.369892271532688
-3.705343217999062,-2.4195230294141856
7.973406691668767,-3.1234823001472813
-0.46182568507224353,12.117499772310763
-1.2530419631801815,14.519928354106721
21.050364681745904,11.997773230003261
-3.977874351632499,2.768076700552565
-5.554031943328076,-2.320541808509512
-2.4083817602682474,-8.555403680648807
-0.11008449423116096,-3.6393248312054354
-11.144708304705212,17.536262174965497
-11.610991397918664,7.296809680146895
-12.85629537462809,14.2670642815636
17.043451018054917,2.9396893679819778
-2.904454667127333,-0.036077403753645765
6.509408492351023,6.077880063186714
-4.5405017069655775,2.9016713400998073
-6.77205615382759,6.752569441597036
4.960755133558233,1.285452917219803
7.907077194500305,13.988816971618
-0.6246316715069904,12.684207985579572
9.91677758048088,6.9016507821492485
1.3616309376053504,3.0694997235120622
4.825262844315034,-3.1952122932783382
13.019166288928588,12.310128309680518
9.321539794000518,3.4249366870432
-0.8452641803679646,1.9436971239245788
-4.226386949383549,-11.426169298213969
-10.829409206976804,10.746238006588042
-6.949408344636817,-9.017620057279455
-13.231586021738375,8.942614754452038
2.6717210416255224,-2.3834737528463315
4.489244562397604,7.702130867945759
